target,project,days,#commits,commit1,commit2
src/main/java/org/raml/v2/internal/framework/nodes/snakeyaml/SYFloatingNode.java:32,raml-org-raml-java-parser,2.31481481481e-05,13,f7988002af995326795b5c457d24ced578e5f7eb,8f28f52620e02fdde579b1d54a8335cedb06b476
src/main/java/org/raml/v2/internal/framework/nodes/snakeyaml/SYFloatingNode.java:31,raml-org-raml-java-parser,2.31481481481e-05,13,f7988002af995326795b5c457d24ced578e5f7eb,8f28f52620e02fdde579b1d54a8335cedb06b476
src/main/java/org/raml/v2/internal/framework/nodes/snakeyaml/SYFloatingNode.java:56,raml-org-raml-java-parser,2.31481481481e-05,13,f7988002af995326795b5c457d24ced578e5f7eb,8f28f52620e02fdde579b1d54a8335cedb06b476
src/main/java/org/raml/v2/internal/framework/grammar/rule/ErrorNodeFactory.java:172,raml-org-raml-java-parser,2.31481481481e-05,10,f7988002af995326795b5c457d24ced578e5f7eb,7da2d867b95fb8c8cc5631cc661402a8ea2ca09c
C/projects/valveresourceformat/ValveResourceFormat/Package/Package.cs:428,SteamDatabase/ValveResourceFormat,1.11277777778,8,1a72b43ad63cef63121e7906a70d227008d2d912,89bf432cbf398b74431df4e3e958dbe45e515d8c
C/projects/valveresourceformat/ValveResourceFormat/Package/Package.cs:419,SteamDatabase/ValveResourceFormat,1.11277777778,8,1a72b43ad63cef63121e7906a70d227008d2d912,89bf432cbf398b74431df4e3e958dbe45e515d8c
src/main/java/org/raml/v2/internal/framework/grammar/rule/ArrayWrapperNode.java:100,raml-org-raml-java-parser,4.90439814815,33,f7988002af995326795b5c457d24ced578e5f7eb,0d4276a8ac0948c6dfe0e46c3ea85fed347645db
mbed_lstools/lstools_base.py:137,ARMmbed/mbed-ls,4.99277777778,8,60828b16fd4d816d8db18e30ff38f14777bf1728,cb03042d514c017afdc8da476564e79285384a26
mbed_lstools/lstools_base.py:136,ARMmbed/mbed-ls,4.99277777778,8,60828b16fd4d816d8db18e30ff38f14777bf1728,cb03042d514c017afdc8da476564e79285384a26
core/src/main/java/io/undertow/server/handlers/cache/LRUCache.java:107,undertow-io-undertow,5.88798611111,8,30a74a38547673bf98854be5155ae9fd65c7bc3e,a23a13a81e9de0be13f547f1005589f8dd95691c
servlet/src/test/java/io/undertow/servlet/test/defaultservlet/DefaultServletCachingTestCase.java:161,undertow-io-undertow,5.88798611111,8,30a74a38547673bf98854be5155ae9fd65c7bc3e,a23a13a81e9de0be13f547f1005589f8dd95691c
servlet/src/test/java/io/undertow/servlet/test/defaultservlet/DefaultServletCachingTestCase.java:163,undertow-io-undertow,5.88798611111,8,30a74a38547673bf98854be5155ae9fd65c7bc3e,a23a13a81e9de0be13f547f1005589f8dd95691c
servlet/src/test/java/io/undertow/servlet/test/defaultservlet/DefaultServletCachingTestCase.java:162,undertow-io-undertow,5.88798611111,8,30a74a38547673bf98854be5155ae9fd65c7bc3e,a23a13a81e9de0be13f547f1005589f8dd95691c
servlet/src/test/java/io/undertow/servlet/test/defaultservlet/DefaultServletCachingTestCase.java:165,undertow-io-undertow,5.88798611111,8,30a74a38547673bf98854be5155ae9fd65c7bc3e,a23a13a81e9de0be13f547f1005589f8dd95691c
servlet/src/test/java/io/undertow/servlet/test/defaultservlet/DefaultServletCachingTestCase.java:164,undertow-io-undertow,5.88798611111,8,30a74a38547673bf98854be5155ae9fd65c7bc3e,a23a13a81e9de0be13f547f1005589f8dd95691c
servlet/src/test/java/io/undertow/servlet/test/defaultservlet/DefaultServletCachingTestCase.java:169,undertow-io-undertow,5.88798611111,8,30a74a38547673bf98854be5155ae9fd65c7bc3e,a23a13a81e9de0be13f547f1005589f8dd95691c
core/src/main/java/io/undertow/server/handlers/cache/DirectBufferCache.java:101,undertow-io-undertow,5.88798611111,8,30a74a38547673bf98854be5155ae9fd65c7bc3e,a23a13a81e9de0be13f547f1005589f8dd95691c
servlet/src/test/java/io/undertow/servlet/test/defaultservlet/DefaultServletCachingTestCase.java:170,undertow-io-undertow,5.88798611111,8,30a74a38547673bf98854be5155ae9fd65c7bc3e,a23a13a81e9de0be13f547f1005589f8dd95691c
core/src/main/java/io/undertow/server/handlers/cache/DirectBufferCache.java:102,undertow-io-undertow,5.88798611111,8,30a74a38547673bf98854be5155ae9fd65c7bc3e,a23a13a81e9de0be13f547f1005589f8dd95691c
servlet/src/test/java/io/undertow/servlet/test/defaultservlet/DefaultServletCachingTestCase.java:194,undertow-io-undertow,5.88798611111,8,30a74a38547673bf98854be5155ae9fd65c7bc3e,a23a13a81e9de0be13f547f1005589f8dd95691c
servlet/src/test/java/io/undertow/servlet/test/defaultservlet/DefaultServletCachingTestCase.java:196,undertow-io-undertow,5.88798611111,8,30a74a38547673bf98854be5155ae9fd65c7bc3e,a23a13a81e9de0be13f547f1005589f8dd95691c
servlet/src/test/java/io/undertow/servlet/test/defaultservlet/DefaultServletCachingTestCase.java:197,undertow-io-undertow,5.88798611111,8,30a74a38547673bf98854be5155ae9fd65c7bc3e,a23a13a81e9de0be13f547f1005589f8dd95691c
servlet/src/test/java/io/undertow/servlet/test/defaultservlet/DefaultServletCachingTestCase.java:192,undertow-io-undertow,5.88798611111,8,30a74a38547673bf98854be5155ae9fd65c7bc3e,a23a13a81e9de0be13f547f1005589f8dd95691c
servlet/src/test/java/io/undertow/servlet/test/defaultservlet/DefaultServletCachingTestCase.java:204,undertow-io-undertow,5.88798611111,8,30a74a38547673bf98854be5155ae9fd65c7bc3e,a23a13a81e9de0be13f547f1005589f8dd95691c
core/src/main/java/io/undertow/server/handlers/cache/LRUCache.java:106,undertow-io-undertow,5.88798611111,8,30a74a38547673bf98854be5155ae9fd65c7bc3e,a23a13a81e9de0be13f547f1005589f8dd95691c
core/src/main/java/io/undertow/server/handlers/resource/CachedResource.java:349,undertow-io-undertow,5.88798611111,8,30a74a38547673bf98854be5155ae9fd65c7bc3e,a23a13a81e9de0be13f547f1005589f8dd95691c
servlet/src/test/java/io/undertow/servlet/test/defaultservlet/DefaultServletCachingTestCase.java:205,undertow-io-undertow,5.88798611111,8,30a74a38547673bf98854be5155ae9fd65c7bc3e,a23a13a81e9de0be13f547f1005589f8dd95691c
servlet/src/test/java/io/undertow/servlet/test/defaultservlet/DefaultServletCachingTestCase.java:198,undertow-io-undertow,5.88798611111,8,30a74a38547673bf98854be5155ae9fd65c7bc3e,a23a13a81e9de0be13f547f1005589f8dd95691c
servlet/src/test/java/io/undertow/servlet/test/defaultservlet/DefaultServletCachingTestCase.java:199,undertow-io-undertow,5.88798611111,8,30a74a38547673bf98854be5155ae9fd65c7bc3e,a23a13a81e9de0be13f547f1005589f8dd95691c
servlet/src/test/java/io/undertow/servlet/test/defaultservlet/DefaultServletCachingTestCase.java:159,undertow-io-undertow,5.88798611111,8,30a74a38547673bf98854be5155ae9fd65c7bc3e,a23a13a81e9de0be13f547f1005589f8dd95691c
servlet/src/test/java/io/undertow/servlet/test/defaultservlet/DefaultServletCachingTestCase.java:200,undertow-io-undertow,5.88798611111,8,30a74a38547673bf98854be5155ae9fd65c7bc3e,a23a13a81e9de0be13f547f1005589f8dd95691c
servlet/src/test/java/io/undertow/servlet/test/defaultservlet/DefaultServletCachingTestCase.java:157,undertow-io-undertow,5.88798611111,8,30a74a38547673bf98854be5155ae9fd65c7bc3e,a23a13a81e9de0be13f547f1005589f8dd95691c
core/src/main/java/io/undertow/server/handlers/resource/CachedResource.java:350,undertow-io-undertow,5.88798611111,8,30a74a38547673bf98854be5155ae9fd65c7bc3e,a23a13a81e9de0be13f547f1005589f8dd95691c
core/src/main/java/io/undertow/server/handlers/resource/CachedResource.java:352,undertow-io-undertow,5.88798611111,8,30a74a38547673bf98854be5155ae9fd65c7bc3e,a23a13a81e9de0be13f547f1005589f8dd95691c
core/src/main/java/io/undertow/server/handlers/resource/CachedResource.java:354,undertow-io-undertow,5.88798611111,8,30a74a38547673bf98854be5155ae9fd65c7bc3e,a23a13a81e9de0be13f547f1005589f8dd95691c
core/src/main/java/io/undertow/server/handlers/resource/CachedResource.java:355,undertow-io-undertow,5.88798611111,8,30a74a38547673bf98854be5155ae9fd65c7bc3e,a23a13a81e9de0be13f547f1005589f8dd95691c
core/src/main/java/io/undertow/server/handlers/resource/CachedResource.java:357,undertow-io-undertow,5.88798611111,8,30a74a38547673bf98854be5155ae9fd65c7bc3e,a23a13a81e9de0be13f547f1005589f8dd95691c
target/scala-2.11/routes/main/router/Routes.scala:2706,MITLibraries/topichub,5.98912037037,10,098cd81f269fca429bea410b449d5c2bff0c0bc4,388261be2b0b48b13d4c20563239e990dbba499f
target/scala-2.11/routes/main/router/Routes.scala:2707,MITLibraries/topichub,5.98912037037,10,098cd81f269fca429bea410b449d5c2bff0c0bc4,388261be2b0b48b13d4c20563239e990dbba499f
/frontend/Parser.cs:1074,ilovepi/Compiler,6.21828703704,10,ac86c224a215609804f7b62df5e13b59f04232c1,2fe31c2057463698351eca546d20b425291d86e7
/frontend/Parser.cs:559,ilovepi/Compiler,6.37092592593,15,ac86c224a215609804f7b62df5e13b59f04232c1,317b04c4b5d96dde294af395793d1c2ceeb59065
/frontend/Parser.cs:694,ilovepi/Compiler,6.37092592593,15,ac86c224a215609804f7b62df5e13b59f04232c1,317b04c4b5d96dde294af395793d1c2ceeb59065
/frontend/Parser.cs:905,ilovepi/Compiler,6.38405092593,17,ac86c224a215609804f7b62df5e13b59f04232c1,79c9bcf2936cbd7c7a4fb8cdea3475d459041cbc
/frontend/Parser.cs:1001,ilovepi/Compiler,6.38405092593,17,ac86c224a215609804f7b62df5e13b59f04232c1,79c9bcf2936cbd7c7a4fb8cdea3475d459041cbc
target/scala-2.11/routes/main/router/Routes.scala:2719,MITLibraries/topichub,7.09771990741,13,098cd81f269fca429bea410b449d5c2bff0c0bc4,097be123e80208b65b45bfe319dda2940adb9bf6
target/scala-2.11/routes/main/router/Routes.scala:2718,MITLibraries/topichub,7.09771990741,13,098cd81f269fca429bea410b449d5c2bff0c0bc4,097be123e80208b65b45bfe319dda2940adb9bf6
target/scala-2.11/routes/main/router/Routes.scala:2324,MITLibraries/topichub,7.09771990741,13,098cd81f269fca429bea410b449d5c2bff0c0bc4,097be123e80208b65b45bfe319dda2940adb9bf6
target/scala-2.11/routes/main/router/Routes.scala:2326,MITLibraries/topichub,7.09771990741,13,098cd81f269fca429bea410b449d5c2bff0c0bc4,097be123e80208b65b45bfe319dda2940adb9bf6
target/scala-2.11/routes/main/router/Routes.scala:2246,MITLibraries/topichub,7.09771990741,13,098cd81f269fca429bea410b449d5c2bff0c0bc4,097be123e80208b65b45bfe319dda2940adb9bf6
target/scala-2.11/routes/main/router/Routes.scala:2244,MITLibraries/topichub,7.09771990741,13,098cd81f269fca429bea410b449d5c2bff0c0bc4,097be123e80208b65b45bfe319dda2940adb9bf6
target/scala-2.11/routes/main/router/Routes.scala:2724,MITLibraries/topichub,7.09771990741,13,098cd81f269fca429bea410b449d5c2bff0c0bc4,097be123e80208b65b45bfe319dda2940adb9bf6
target/scala-2.11/routes/main/router/Routes.scala:2725,MITLibraries/topichub,7.09771990741,13,098cd81f269fca429bea410b449d5c2bff0c0bc4,097be123e80208b65b45bfe319dda2940adb9bf6
target/scala-2.11/routes/main/router/Routes.scala:2331,MITLibraries/topichub,7.09771990741,13,098cd81f269fca429bea410b449d5c2bff0c0bc4,097be123e80208b65b45bfe319dda2940adb9bf6
target/scala-2.11/routes/main/router/Routes.scala:2330,MITLibraries/topichub,7.09771990741,13,098cd81f269fca429bea410b449d5c2bff0c0bc4,097be123e80208b65b45bfe319dda2940adb9bf6
target/scala-2.11/routes/main/router/Routes.scala:2239,MITLibraries/topichub,7.09771990741,13,098cd81f269fca429bea410b449d5c2bff0c0bc4,097be123e80208b65b45bfe319dda2940adb9bf6
target/scala-2.11/routes/main/router/Routes.scala:3091,MITLibraries/topichub,8.03541666667,10,388261be2b0b48b13d4c20563239e990dbba499f,b45b4c167f26dda3daf16c11b5159cd876c54469
target/scala-2.11/routes/main/router/Routes.scala:3090,MITLibraries/topichub,8.03541666667,10,388261be2b0b48b13d4c20563239e990dbba499f,b45b4c167f26dda3daf16c11b5159cd876c54469
target/scala-2.11/routes/main/router/Routes.scala:2742,MITLibraries/topichub,8.03541666667,10,388261be2b0b48b13d4c20563239e990dbba499f,b45b4c167f26dda3daf16c11b5159cd876c54469
target/scala-2.11/routes/main/router/Routes.scala:2743,MITLibraries/topichub,8.03541666667,10,388261be2b0b48b13d4c20563239e990dbba499f,b45b4c167f26dda3daf16c11b5159cd876c54469
/frontend/Parser.cs:403,ilovepi/Compiler,8.14850694444,15,46195dccca4f413e75332745f3c60e01b64481de,5aae51bdb9424d8d69fe4783890f845ada26f428
handlebars-maven-plugin/src/main/java/com/github/jknack/handlebars/maven/PrecompilePlugin.java:289,jknack-handlebars.java,12.6688194444,14,a5e1ec8d36e73dafa750aa490df2a585e06d4558,27e7c7cfbcf83aa8b4cb27227c50d54bb1f497f8
handlebars-maven-plugin/src/main/java/com/github/jknack/handlebars/maven/PrecompilePlugin.java:328,jknack-handlebars.java,12.6688194444,14,a5e1ec8d36e73dafa750aa490df2a585e06d4558,27e7c7cfbcf83aa8b4cb27227c50d54bb1f497f8
target/scala-2.11/routes/main/router/Routes.scala:2593,MITLibraries/topichub,13.2313194444,8,6717b996f1205d293dde88a883ccac839cb18682,8a09a79d2a3d7231f2e32f828993dceaae5c54be
target/scala-2.11/routes/main/router/Routes.scala:2592,MITLibraries/topichub,13.2313194444,8,6717b996f1205d293dde88a883ccac839cb18682,8a09a79d2a3d7231f2e32f828993dceaae5c54be
target/scala-2.11/routes/main/router/Routes.scala:1657,MITLibraries/topichub,13.2313194444,8,6717b996f1205d293dde88a883ccac839cb18682,8a09a79d2a3d7231f2e32f828993dceaae5c54be
target/scala-2.11/routes/main/router/Routes.scala:583,MITLibraries/topichub,13.2313194444,8,6717b996f1205d293dde88a883ccac839cb18682,8a09a79d2a3d7231f2e32f828993dceaae5c54be
target/scala-2.11/routes/main/router/Routes.scala:2478,MITLibraries/topichub,13.2313194444,8,6717b996f1205d293dde88a883ccac839cb18682,8a09a79d2a3d7231f2e32f828993dceaae5c54be
target/scala-2.11/routes/main/router/Routes.scala:2479,MITLibraries/topichub,13.2313194444,8,6717b996f1205d293dde88a883ccac839cb18682,8a09a79d2a3d7231f2e32f828993dceaae5c54be
target/scala-2.11/routes/main/router/Routes.scala:2485,MITLibraries/topichub,13.2313194444,8,6717b996f1205d293dde88a883ccac839cb18682,8a09a79d2a3d7231f2e32f828993dceaae5c54be
target/scala-2.11/routes/main/router/Routes.scala:2484,MITLibraries/topichub,13.2313194444,8,6717b996f1205d293dde88a883ccac839cb18682,8a09a79d2a3d7231f2e32f828993dceaae5c54be
target/scala-2.11/routes/main/router/Routes.scala:1351,MITLibraries/topichub,13.2313194444,8,6717b996f1205d293dde88a883ccac839cb18682,8a09a79d2a3d7231f2e32f828993dceaae5c54be
target/scala-2.11/routes/main/router/Routes.scala:1213,MITLibraries/topichub,13.2313194444,8,6717b996f1205d293dde88a883ccac839cb18682,8a09a79d2a3d7231f2e32f828993dceaae5c54be
target/scala-2.11/routes/main/router/Routes.scala:2133,MITLibraries/topichub,13.2313194444,8,6717b996f1205d293dde88a883ccac839cb18682,8a09a79d2a3d7231f2e32f828993dceaae5c54be
target/scala-2.11/routes/main/router/Routes.scala:1827,MITLibraries/topichub,13.2313194444,8,6717b996f1205d293dde88a883ccac839cb18682,8a09a79d2a3d7231f2e32f828993dceaae5c54be
target/scala-2.11/routes/main/router/Routes.scala:1060,MITLibraries/topichub,13.2313194444,8,6717b996f1205d293dde88a883ccac839cb18682,8a09a79d2a3d7231f2e32f828993dceaae5c54be
target/scala-2.11/routes/main/router/Routes.scala:2376,MITLibraries/topichub,14.024537037,20,098cd81f269fca429bea410b449d5c2bff0c0bc4,b45b4c167f26dda3daf16c11b5159cd876c54469
target/scala-2.11/routes/main/router/Routes.scala:2263,MITLibraries/topichub,14.024537037,20,098cd81f269fca429bea410b449d5c2bff0c0bc4,b45b4c167f26dda3daf16c11b5159cd876c54469
target/scala-2.11/routes/main/router/Routes.scala:2325,MITLibraries/topichub,14.024537037,20,098cd81f269fca429bea410b449d5c2bff0c0bc4,b45b4c167f26dda3daf16c11b5159cd876c54469
target/scala-2.11/routes/main/router/Routes.scala:2327,MITLibraries/topichub,14.024537037,20,098cd81f269fca429bea410b449d5c2bff0c0bc4,b45b4c167f26dda3daf16c11b5159cd876c54469
target/scala-2.11/routes/main/controllers/ReverseRoutes.scala:600,MITLibraries/topichub,14.0606365741,14,363a00fa3952445d11f7f3e3e24f79a835733f34,8a09a79d2a3d7231f2e32f828993dceaae5c54be
target/scala-2.11/routes/main/router/Routes.scala:2467,MITLibraries/topichub,14.0606365741,14,363a00fa3952445d11f7f3e3e24f79a835733f34,8a09a79d2a3d7231f2e32f828993dceaae5c54be
target/scala-2.11/routes/main/router/Routes.scala:2466,MITLibraries/topichub,14.0606365741,14,363a00fa3952445d11f7f3e3e24f79a835733f34,8a09a79d2a3d7231f2e32f828993dceaae5c54be
target/scala-2.11/routes/main/router/Routes.scala:2461,MITLibraries/topichub,14.0606365741,14,363a00fa3952445d11f7f3e3e24f79a835733f34,8a09a79d2a3d7231f2e32f828993dceaae5c54be
target/scala-2.11/routes/main/router/Routes.scala:2460,MITLibraries/topichub,14.0606365741,14,363a00fa3952445d11f7f3e3e24f79a835733f34,8a09a79d2a3d7231f2e32f828993dceaae5c54be
target/scala-2.11/routes/main/controllers/ReverseRoutes.scala:612,MITLibraries/topichub,14.0606365741,14,363a00fa3952445d11f7f3e3e24f79a835733f34,8a09a79d2a3d7231f2e32f828993dceaae5c54be
target/scala-2.11/routes/main/controllers/ReverseRoutes.scala:342,MITLibraries/topichub,14.0606365741,14,363a00fa3952445d11f7f3e3e24f79a835733f34,8a09a79d2a3d7231f2e32f828993dceaae5c54be
target/scala-2.11/routes/main/controllers/ReverseRoutes.scala:624,MITLibraries/topichub,14.0606365741,14,363a00fa3952445d11f7f3e3e24f79a835733f34,8a09a79d2a3d7231f2e32f828993dceaae5c54be
target/scala-2.11/routes/main/controllers/ReverseRoutes.scala:258,MITLibraries/topichub,14.0606365741,14,363a00fa3952445d11f7f3e3e24f79a835733f34,8a09a79d2a3d7231f2e32f828993dceaae5c54be
target/scala-2.11/routes/main/controllers/ReverseRoutes.scala:318,MITLibraries/topichub,14.0606365741,14,363a00fa3952445d11f7f3e3e24f79a835733f34,8a09a79d2a3d7231f2e32f828993dceaae5c54be
target/scala-2.11/routes/main/router/Routes.scala:1929,MITLibraries/topichub,14.0606365741,14,363a00fa3952445d11f7f3e3e24f79a835733f34,8a09a79d2a3d7231f2e32f828993dceaae5c54be
target/scala-2.11/routes/main/controllers/ReverseRoutes.scala:300,MITLibraries/topichub,14.0606365741,14,363a00fa3952445d11f7f3e3e24f79a835733f34,8a09a79d2a3d7231f2e32f828993dceaae5c54be
target/scala-2.11/routes/main/router/Routes.scala:1650,MITLibraries/topichub,14.0837268519,16,363a00fa3952445d11f7f3e3e24f79a835733f34,17c6833b89266147665521203d290e5af413b498
target/scala-2.11/routes/main/router/Routes.scala:2058,MITLibraries/topichub,14.0837268519,16,363a00fa3952445d11f7f3e3e24f79a835733f34,17c6833b89266147665521203d290e5af413b498
target/scala-2.11/routes/main/router/Routes.scala:2041,MITLibraries/topichub,14.0837268519,16,363a00fa3952445d11f7f3e3e24f79a835733f34,17c6833b89266147665521203d290e5af413b498
target/scala-2.11/routes/main/router/Routes.scala:576,MITLibraries/topichub,14.0837268519,16,363a00fa3952445d11f7f3e3e24f79a835733f34,17c6833b89266147665521203d290e5af413b498
target/scala-2.11/routes/main/router/Routes.scala:1053,MITLibraries/topichub,14.0837268519,16,363a00fa3952445d11f7f3e3e24f79a835733f34,17c6833b89266147665521203d290e5af413b498
target/scala-2.11/routes/main/router/Routes.scala:1820,MITLibraries/topichub,14.0837268519,16,363a00fa3952445d11f7f3e3e24f79a835733f34,17c6833b89266147665521203d290e5af413b498
target/scala-2.11/routes/main/router/Routes.scala:1939,MITLibraries/topichub,14.0837268519,16,363a00fa3952445d11f7f3e3e24f79a835733f34,17c6833b89266147665521203d290e5af413b498
target/scala-2.11/routes/main/router/Routes.scala:1922,MITLibraries/topichub,14.0837268519,16,363a00fa3952445d11f7f3e3e24f79a835733f34,17c6833b89266147665521203d290e5af413b498
target/scala-2.11/routes/main/controllers/ReverseRoutes.scala:462,MITLibraries/topichub,16.8721296296,21,8a09a79d2a3d7231f2e32f828993dceaae5c54be,d6e5e41ad1ff650b8eb1efd14720f445ed8987b7
target/scala-2.11/routes/main/controllers/ReverseRoutes.scala:516,MITLibraries/topichub,16.8721296296,21,8a09a79d2a3d7231f2e32f828993dceaae5c54be,d6e5e41ad1ff650b8eb1efd14720f445ed8987b7
agent.go:51,containers/virtcontainers,18.2977893519,33,470d2699f12d92ab3cac8fe1e161c36437820788,b137da4f2844920f5d59d129ae05c70da9df0a83
agent.go:65,containers/virtcontainers,18.2977893519,33,470d2699f12d92ab3cac8fe1e161c36437820788,b137da4f2844920f5d59d129ae05c70da9df0a83
agent.go:103,containers/virtcontainers,18.2977893519,33,470d2699f12d92ab3cac8fe1e161c36437820788,b137da4f2844920f5d59d129ae05c70da9df0a83
agent.go:79,containers/virtcontainers,18.2977893519,33,470d2699f12d92ab3cac8fe1e161c36437820788,b137da4f2844920f5d59d129ae05c70da9df0a83
src/main/scala/org/broadinstitute/dsde/firecloud/webservice/LibraryApiService.scala:79,broadinstitute/firecloud-orchestration,19.2550115741,18,57dc971ce675a7f94bfdf4c029063a9f516479ff,4b71679769c7463ffe757d6159941816f0539851
src/main/scala/org/broadinstitute/dsde/firecloud/webservice/LibraryApiService.scala:78,broadinstitute/firecloud-orchestration,19.2550115741,18,57dc971ce675a7f94bfdf4c029063a9f516479ff,4b71679769c7463ffe757d6159941816f0539851
src/main/scala/org/broadinstitute/dsde/firecloud/webservice/LibraryApiService.scala:80,broadinstitute/firecloud-orchestration,19.2550115741,18,57dc971ce675a7f94bfdf4c029063a9f516479ff,4b71679769c7463ffe757d6159941816f0539851
src/main/scala/org/broadinstitute/dsde/firecloud/service/LibraryServiceSupport.scala:108,broadinstitute/firecloud-orchestration,19.2550115741,18,57dc971ce675a7f94bfdf4c029063a9f516479ff,4b71679769c7463ffe757d6159941816f0539851
src/main/scala/org/broadinstitute/dsde/firecloud/service/LibraryServiceSupport.scala:106,broadinstitute/firecloud-orchestration,19.2550115741,18,57dc971ce675a7f94bfdf4c029063a9f516479ff,4b71679769c7463ffe757d6159941816f0539851
lib/parse/datetime/parsers/iso8601_extended.ex:67,bitwalker/timex,19.9142824074,9,734043b54c07c1dae6f425895e6fa748dff1b865,3d17f43244b3e59a9be4b72885e92cbee93e50cb
lib/parse/datetime/parser.ex:121,bitwalker/timex,19.9142824074,9,734043b54c07c1dae6f425895e6fa748dff1b865,3d17f43244b3e59a9be4b72885e92cbee93e50cb
lib/parse/datetime/parser.ex:122,bitwalker/timex,19.9142824074,9,734043b54c07c1dae6f425895e6fa748dff1b865,3d17f43244b3e59a9be4b72885e92cbee93e50cb
lib/parse/datetime/parsers/iso8601_extended.ex:86,bitwalker/timex,19.9142824074,9,734043b54c07c1dae6f425895e6fa748dff1b865,3d17f43244b3e59a9be4b72885e92cbee93e50cb
lib/parse/datetime/parser.ex:120,bitwalker/timex,19.9142824074,9,734043b54c07c1dae6f425895e6fa748dff1b865,3d17f43244b3e59a9be4b72885e92cbee93e50cb
lib/parse/datetime/parser.ex:123,bitwalker/timex,19.9142824074,9,734043b54c07c1dae6f425895e6fa748dff1b865,3d17f43244b3e59a9be4b72885e92cbee93e50cb
lib/parse/datetime/parser.ex:114,bitwalker/timex,19.9142824074,9,734043b54c07c1dae6f425895e6fa748dff1b865,3d17f43244b3e59a9be4b72885e92cbee93e50cb
lib/parse/datetime/parser.ex:115,bitwalker/timex,19.9142824074,9,734043b54c07c1dae6f425895e6fa748dff1b865,3d17f43244b3e59a9be4b72885e92cbee93e50cb
lib/parse/datetime/parser.ex:117,bitwalker/timex,19.9142824074,9,734043b54c07c1dae6f425895e6fa748dff1b865,3d17f43244b3e59a9be4b72885e92cbee93e50cb
lib/parse/datetime/parser.ex:112,bitwalker/timex,19.9142824074,9,734043b54c07c1dae6f425895e6fa748dff1b865,3d17f43244b3e59a9be4b72885e92cbee93e50cb
lib/parse/datetime/parser.ex:113,bitwalker/timex,19.9142824074,9,734043b54c07c1dae6f425895e6fa748dff1b865,3d17f43244b3e59a9be4b72885e92cbee93e50cb
lib/parse/datetime/parser.ex:109,bitwalker/timex,19.9142824074,9,734043b54c07c1dae6f425895e6fa748dff1b865,3d17f43244b3e59a9be4b72885e92cbee93e50cb
src/main/java/org/apache/commons/exec/DefaultExecuteResultHandler.java:103,apache-commons-exec,20.6943055556,30,b8eecb8584b0dff79cf04068640d36136f4cfd0f,2d1c446455d547d63616ed5537e3d367b7155537
src/main/java/org/apache/commons/functor/core/algorithm/RemoveMatching.java:70,apache-commons-functor,27.4491203704,8,b6500e35590e7c79078ab9a7483e6d5a7d3f2575,fbc0dc7d81d8b4d3c448155c5907e06d996d9d58
src/main/java/org/apache/commons/functor/core/algorithm/RetainMatching.java:70,apache-commons-functor,27.4491203704,8,b6500e35590e7c79078ab9a7483e6d5a7d3f2575,fbc0dc7d81d8b4d3c448155c5907e06d996d9d58
src/main/java/org/apache/commons/functor/core/algorithm/InPlaceTransform.java:68,apache-commons-functor,27.4491203704,8,b6500e35590e7c79078ab9a7483e6d5a7d3f2575,fbc0dc7d81d8b4d3c448155c5907e06d996d9d58
core/src/main/scala-2.11/eu/shiftforward/apso/spray/ProxySupport.scala:36,ShiftForward/apso,28.0778009259,9,6c5190012a11b81b1e2c87f21738a53dd80b7355,d6f2c3efd4607f9e551bb12c0be3250fc1008b88
core/src/main/scala/eu/shiftforward/apso/akka/http/ProxySupport.scala:34,ShiftForward/apso,28.0778009259,9,6c5190012a11b81b1e2c87f21738a53dd80b7355,d6f2c3efd4607f9e551bb12c0be3250fc1008b88
target/scala-2.11/routes/main/router/Routes.scala:1787,MITLibraries/topichub,30.1034490741,29,6717b996f1205d293dde88a883ccac839cb18682,d6e5e41ad1ff650b8eb1efd14720f445ed8987b7
target/scala-2.11/routes/main/router/Routes.scala:1770,MITLibraries/topichub,30.1034490741,29,6717b996f1205d293dde88a883ccac839cb18682,d6e5e41ad1ff650b8eb1efd14720f445ed8987b7
target/scala-2.11/routes/main/controllers/ReverseRoutes.scala:456,MITLibraries/topichub,30.9327662037,35,363a00fa3952445d11f7f3e3e24f79a835733f34,d6e5e41ad1ff650b8eb1efd14720f445ed8987b7
target/scala-2.11/routes/main/controllers/ReverseRoutes.scala:432,MITLibraries/topichub,30.9327662037,35,363a00fa3952445d11f7f3e3e24f79a835733f34,d6e5e41ad1ff650b8eb1efd14720f445ed8987b7
target/scala-2.11/routes/main/controllers/ReverseRoutes.scala:486,MITLibraries/topichub,30.9327662037,35,363a00fa3952445d11f7f3e3e24f79a835733f34,d6e5e41ad1ff650b8eb1efd14720f445ed8987b7
target/scala-2.11/routes/main/router/Routes.scala:1804,MITLibraries/topichub,30.9327662037,35,363a00fa3952445d11f7f3e3e24f79a835733f34,d6e5e41ad1ff650b8eb1efd14720f445ed8987b7
target/scala-2.11/routes/main/controllers/ReverseRoutes.scala:306,MITLibraries/topichub,31.7643287037,35,8a09a79d2a3d7231f2e32f828993dceaae5c54be,c5566602646940ea0deaeea0386d2cea7bd8262e
collections/src/main/java/com/gs/collections/impl/block/factory/Predicates.java:212,goldmansachs-gs-collections,31.9941550926,66,0114db6084baaaf34271fede8bb9abb5c6c234b6,845b9acaa1baf121198dc30c2ba5e0a711f17332
collections/src/main/java/com/gs/collections/impl/list/immutable/AbstractImmutableList.java:119,goldmansachs-gs-collections,35.1180902778,38,fc30e4f32d2fdf883823cfc486a7b594a89de046,61165505160c8583a1434db6a51cb28873c86c33
collections/src/main/java/com/gs/collections/impl/map/immutable/ImmutableUnifiedMap.java:81,goldmansachs-gs-collections,35.7135416667,71,985a4e9a93f5631619c0337e7f7e0bf774394fb5,7af7074cc57ed8b663562fa82daeb7252d3a6eac
target/scala-2.11/routes/main/router/Routes.scala:2203,MITLibraries/topichub,35.950625,40,17c6833b89266147665521203d290e5af413b498,098cd81f269fca429bea410b449d5c2bff0c0bc4
target/scala-2.11/routes/main/router/Routes.scala:2220,MITLibraries/topichub,35.950625,40,17c6833b89266147665521203d290e5af413b498,098cd81f269fca429bea410b449d5c2bff0c0bc4
target/scala-2.11/routes/main/router/Routes.scala:2202,MITLibraries/topichub,35.9737152778,42,8a09a79d2a3d7231f2e32f828993dceaae5c54be,098cd81f269fca429bea410b449d5c2bff0c0bc4
target/scala-2.11/routes/main/router/Routes.scala:1180,MITLibraries/topichub,35.9737152778,42,8a09a79d2a3d7231f2e32f828993dceaae5c54be,098cd81f269fca429bea410b449d5c2bff0c0bc4
src/test/java/org/jsoup/safety/CleanerTest.java:244,jhy-jsoup,42.1209837963,8,b919f01e4719631f2621c523d78777ba237be7dd,a623db776696c0e03f68e849147f6a0c57063c02
core/src/main/scala/eu/shiftforward/apso/time/IterableInterval.scala:40,ShiftForward/apso,49.1241898148,9,96bc8ee856cae420c3daf7e822bddafcdf36a6fd,8c6c9c68a7c5fe50f10953747919b8ff9bb62c53
core/src/main/scala/eu/shiftforward/apso/config/LazyConfigFactory.scala:49,ShiftForward/apso,49.1241898148,9,96bc8ee856cae420c3daf7e822bddafcdf36a6fd,8c6c9c68a7c5fe50f10953747919b8ff9bb62c53
target/scala-2.11/routes/main/router/Routes.scala:782,MITLibraries/topichub,49.2050347222,50,6717b996f1205d293dde88a883ccac839cb18682,098cd81f269fca429bea410b449d5c2bff0c0bc4
target/scala-2.11/routes/main/router/Routes.scala:1243,MITLibraries/topichub,49.2050347222,50,6717b996f1205d293dde88a883ccac839cb18682,098cd81f269fca429bea410b449d5c2bff0c0bc4
target/scala-2.11/routes/main/router/Routes.scala:799,MITLibraries/topichub,49.2050347222,50,6717b996f1205d293dde88a883ccac839cb18682,098cd81f269fca429bea410b449d5c2bff0c0bc4
target/scala-2.11/routes/main/router/Routes.scala:1941,MITLibraries/topichub,49.2050347222,50,6717b996f1205d293dde88a883ccac839cb18682,098cd81f269fca429bea410b449d5c2bff0c0bc4
target/scala-2.11/routes/main/router/Routes.scala:1942,MITLibraries/topichub,49.2050347222,50,6717b996f1205d293dde88a883ccac839cb18682,098cd81f269fca429bea410b449d5c2bff0c0bc4
target/scala-2.11/routes/main/router/Routes.scala:1653,MITLibraries/topichub,49.2050347222,50,6717b996f1205d293dde88a883ccac839cb18682,098cd81f269fca429bea410b449d5c2bff0c0bc4
target/scala-2.11/routes/main/router/Routes.scala:1652,MITLibraries/topichub,49.2050347222,50,6717b996f1205d293dde88a883ccac839cb18682,098cd81f269fca429bea410b449d5c2bff0c0bc4
target/scala-2.11/routes/main/router/Routes.scala:884,MITLibraries/topichub,49.2050347222,50,6717b996f1205d293dde88a883ccac839cb18682,098cd81f269fca429bea410b449d5c2bff0c0bc4
target/scala-2.11/routes/main/router/Routes.scala:850,MITLibraries/topichub,49.2050347222,50,6717b996f1205d293dde88a883ccac839cb18682,098cd81f269fca429bea410b449d5c2bff0c0bc4
target/scala-2.11/routes/main/router/Routes.scala:1277,MITLibraries/topichub,49.2050347222,50,6717b996f1205d293dde88a883ccac839cb18682,098cd81f269fca429bea410b449d5c2bff0c0bc4
target/scala-2.11/routes/main/router/Routes.scala:579,MITLibraries/topichub,49.2050347222,50,6717b996f1205d293dde88a883ccac839cb18682,098cd81f269fca429bea410b449d5c2bff0c0bc4
target/scala-2.11/routes/main/router/Routes.scala:1056,MITLibraries/topichub,49.2050347222,50,6717b996f1205d293dde88a883ccac839cb18682,098cd81f269fca429bea410b449d5c2bff0c0bc4
target/scala-2.11/routes/main/router/Routes.scala:1055,MITLibraries/topichub,49.2050347222,50,6717b996f1205d293dde88a883ccac839cb18682,098cd81f269fca429bea410b449d5c2bff0c0bc4
target/scala-2.11/routes/main/router/Routes.scala:867,MITLibraries/topichub,49.2050347222,50,6717b996f1205d293dde88a883ccac839cb18682,098cd81f269fca429bea410b449d5c2bff0c0bc4
target/scala-2.11/routes/main/router/Routes.scala:1209,MITLibraries/topichub,49.2050347222,50,6717b996f1205d293dde88a883ccac839cb18682,098cd81f269fca429bea410b449d5c2bff0c0bc4
target/scala-2.11/routes/main/router/Routes.scala:1822,MITLibraries/topichub,49.2050347222,50,6717b996f1205d293dde88a883ccac839cb18682,098cd81f269fca429bea410b449d5c2bff0c0bc4
target/scala-2.11/routes/main/router/Routes.scala:1823,MITLibraries/topichub,49.2050347222,50,6717b996f1205d293dde88a883ccac839cb18682,098cd81f269fca429bea410b449d5c2bff0c0bc4
target/scala-2.11/routes/main/router/Routes.scala:1294,MITLibraries/topichub,49.2050347222,50,6717b996f1205d293dde88a883ccac839cb18682,098cd81f269fca429bea410b449d5c2bff0c0bc4
target/scala-2.11/routes/main/router/Routes.scala:816,MITLibraries/topichub,49.2050347222,50,6717b996f1205d293dde88a883ccac839cb18682,098cd81f269fca429bea410b449d5c2bff0c0bc4
target/scala-2.11/routes/main/router/Routes.scala:1226,MITLibraries/topichub,49.2050347222,50,6717b996f1205d293dde88a883ccac839cb18682,098cd81f269fca429bea410b449d5c2bff0c0bc4
target/scala-2.11/routes/main/router/Routes.scala:578,MITLibraries/topichub,49.2050347222,50,6717b996f1205d293dde88a883ccac839cb18682,098cd81f269fca429bea410b449d5c2bff0c0bc4
target/scala-2.11/routes/main/router/Routes.scala:2061,MITLibraries/topichub,49.2050347222,50,6717b996f1205d293dde88a883ccac839cb18682,098cd81f269fca429bea410b449d5c2bff0c0bc4
target/scala-2.11/routes/main/router/Routes.scala:833,MITLibraries/topichub,49.2050347222,50,6717b996f1205d293dde88a883ccac839cb18682,098cd81f269fca429bea410b449d5c2bff0c0bc4
target/scala-2.11/routes/main/router/Routes.scala:2060,MITLibraries/topichub,49.2050347222,50,6717b996f1205d293dde88a883ccac839cb18682,098cd81f269fca429bea410b449d5c2bff0c0bc4
target/scala-2.11/routes/main/router/Routes.scala:1260,MITLibraries/topichub,49.2050347222,50,6717b996f1205d293dde88a883ccac839cb18682,098cd81f269fca429bea410b449d5c2bff0c0bc4
target/scala-2.11/routes/main/router/Routes.scala:2185,MITLibraries/topichub,49.2050347222,50,6717b996f1205d293dde88a883ccac839cb18682,098cd81f269fca429bea410b449d5c2bff0c0bc4
app/controllers/Application.scala:369,MITLibraries/topichub,49.2063773148,51,6717b996f1205d293dde88a883ccac839cb18682,c189ffbfabe7eed415d8be71ee90f57b759c95c4
target/scala-2.11/routes/main/router/Routes.scala:2043,MITLibraries/topichub,50.0343518519,56,363a00fa3952445d11f7f3e3e24f79a835733f34,098cd81f269fca429bea410b449d5c2bff0c0bc4
target/scala-2.11/routes/main/router/Routes.scala:2044,MITLibraries/topichub,50.0343518519,56,363a00fa3952445d11f7f3e3e24f79a835733f34,098cd81f269fca429bea410b449d5c2bff0c0bc4
target/scala-2.11/routes/main/router/Routes.scala:1208,MITLibraries/topichub,50.0343518519,56,363a00fa3952445d11f7f3e3e24f79a835733f34,098cd81f269fca429bea410b449d5c2bff0c0bc4
target/scala-2.11/routes/main/router/Routes.scala:1925,MITLibraries/topichub,50.0343518519,56,363a00fa3952445d11f7f3e3e24f79a835733f34,098cd81f269fca429bea410b449d5c2bff0c0bc4
target/scala-2.11/routes/main/router/Routes.scala:1924,MITLibraries/topichub,50.0343518519,56,363a00fa3952445d11f7f3e3e24f79a835733f34,098cd81f269fca429bea410b449d5c2bff0c0bc4
httpcore-nio/src/main/java/org/apache/http/nio/protocol/PipeliningClientExchangeHandler.java:183,apache-httpcore,50.8621296296,9,fb006f4b2364a6d3bd7b1ded429d0dc717490f1c,b68a5dc1d9114c8f68aef5af206b024e6aa7d0f4
httpcore-nio/src/main/java/org/apache/http/nio/protocol/HttpAsyncRequestExecutor.java:170,apache-httpcore,50.8621296296,9,fb006f4b2364a6d3bd7b1ded429d0dc717490f1c,b68a5dc1d9114c8f68aef5af206b024e6aa7d0f4
httpcore-nio/src/main/java/org/apache/http/nio/protocol/HttpAsyncRequestExecutor.java:169,apache-httpcore,50.8621296296,9,fb006f4b2364a6d3bd7b1ded429d0dc717490f1c,b68a5dc1d9114c8f68aef5af206b024e6aa7d0f4
target/scala-2.11/routes/main/router/Routes.scala:1346,MITLibraries/topichub,52.0865277778,58,6717b996f1205d293dde88a883ccac839cb18682,91817c39fb25cc89b0c23fe2d1b5a69c87d4be5b
target/scala-2.11/routes/main/router/Routes.scala:1347,MITLibraries/topichub,52.0865277778,58,6717b996f1205d293dde88a883ccac839cb18682,91817c39fb25cc89b0c23fe2d1b5a69c87d4be5b
target/scala-2.11/routes/main/router/Routes.scala:1345,MITLibraries/topichub,52.0865277778,58,6717b996f1205d293dde88a883ccac839cb18682,91817c39fb25cc89b0c23fe2d1b5a69c87d4be5b
target/scala-2.11/routes/main/router/Routes.scala:1344,MITLibraries/topichub,52.9158449074,64,363a00fa3952445d11f7f3e3e24f79a835733f34,91817c39fb25cc89b0c23fe2d1b5a69c87d4be5b
app/controllers/Application.scala:908,MITLibraries/topichub,53.9592708333,62,d009a711466922ff125ab1fcc02381f599892eb3,c189ffbfabe7eed415d8be71ee90f57b759c95c4
target/scala-2.11/routes/main/router/Routes.scala:1311,MITLibraries/topichub,55.1941550926,60,6717b996f1205d293dde88a883ccac839cb18682,388261be2b0b48b13d4c20563239e990dbba499f
target/scala-2.11/routes/main/router/Routes.scala:1974,MITLibraries/topichub,56.3027546296,63,6717b996f1205d293dde88a883ccac839cb18682,097be123e80208b65b45bfe319dda2940adb9bf6
target/scala-2.11/routes/main/router/Routes.scala:2076,MITLibraries/topichub,56.3027546296,63,6717b996f1205d293dde88a883ccac839cb18682,097be123e80208b65b45bfe319dda2940adb9bf6
../dist/js/ui-components.js:1211,ManageIQ/ui-components,62.0175462963,45,6c2ad431ca58e47824c49435f4f71303c608500f,f816998ade87ef8a4a018fb4fb84b49ed684535a
collections/src/main/java/com/gs/collections/impl/utility/ArrayIterate.java:1054,goldmansachs-gs-collections,64.808900463,95,d3e4afea9a0d9b37a33a363d76f372d6017c911f,8dfc7ec7fc4a9254cb1845916915d36a6735f38b
collections/src/main/java/com/gs/collections/impl/utility/ArrayIterate.java:1052,goldmansachs-gs-collections,64.808900463,95,d3e4afea9a0d9b37a33a363d76f372d6017c911f,8dfc7ec7fc4a9254cb1845916915d36a6735f38b
collections/src/main/java/com/gs/collections/impl/utility/ArrayIterate.java:1053,goldmansachs-gs-collections,64.808900463,95,d3e4afea9a0d9b37a33a363d76f372d6017c911f,8dfc7ec7fc4a9254cb1845916915d36a6735f38b
collections/src/main/java/com/gs/collections/impl/utility/ArrayIterate.java:919,goldmansachs-gs-collections,64.808900463,95,d3e4afea9a0d9b37a33a363d76f372d6017c911f,8dfc7ec7fc4a9254cb1845916915d36a6735f38b
src/main/java/org/jsoup/helper/W3CDom.java:73,jhy-jsoup,68.8525925926,14,1dec69d8df78aee955205d8ae8bed0dfe86056f8,143ede68fe70e043ca8f73cc1fbe83af944fa14a
src/main/java/org/jsoup/helper/W3CDom.java:72,jhy-jsoup,68.8525925926,14,1dec69d8df78aee955205d8ae8bed0dfe86056f8,143ede68fe70e043ca8f73cc1fbe83af944fa14a
src/main/java/org/jsoup/helper/W3CDom.java:74,jhy-jsoup,68.8525925926,14,1dec69d8df78aee955205d8ae8bed0dfe86056f8,143ede68fe70e043ca8f73cc1fbe83af944fa14a
../dist/js/ui-components.js:1609,ManageIQ/ui-components,69.9139699074,50,9c14e097dcc533fba6dd7eb1fd0096062cedae7e,f816998ade87ef8a4a018fb4fb84b49ed684535a
collections/src/main/java/com/gs/collections/impl/bag/mutable/primitive/BooleanHashBag.java:69,goldmansachs-gs-collections,70.1007407407,110,d3a1c15dc9d211880e33f395b8c1f3e231e2bb3a,61165505160c8583a1434db6a51cb28873c86c33
collections/src/main/java/com/gs/collections/impl/list/mutable/AbstractMutableList.java:180,goldmansachs-gs-collections,74.5684143519,110,0114db6084baaaf34271fede8bb9abb5c6c234b6,9d0ad4a47f8c453b877ab5a0f961b90bdf6f0af5
collections/src/main/java/com/gs/collections/impl/list/mutable/AbstractMutableList.java:179,goldmansachs-gs-collections,74.5684143519,110,0114db6084baaaf34271fede8bb9abb5c6c234b6,9d0ad4a47f8c453b877ab5a0f961b90bdf6f0af5
dask/dataframe/optimize.py:10,dask/dask,75.187349537,84,1c5058d12bc5b5232d297d61921151b425627c28,d5407c286168e2240afd3d121dc7621bf26fe544
dask/dataframe/optimize.py:11,dask/dask,75.187349537,84,1c5058d12bc5b5232d297d61921151b425627c28,d5407c286168e2240afd3d121dc7621bf26fe544
dask/bag/core.py:1890,dask/dask,97.0027314815,109,1c5058d12bc5b5232d297d61921151b425627c28,23897769ed80f02882d44da2b41d59728c36a389
dask/bag/core.py:1889,dask/dask,97.0027314815,109,1c5058d12bc5b5232d297d61921151b425627c28,23897769ed80f02882d44da2b41d59728c36a389
collections/src/main/java/com/gs/collections/impl/block/factory/Functions.java:628,goldmansachs-gs-collections,103.811342593,50,8dfc7ec7fc4a9254cb1845916915d36a6735f38b,aaf04635c7b79f1ecf5574a8154c3d60f860db9a
../dist/js/ui-components.js:4597,ManageIQ/ui-components,113.95462963,65,9c14e097dcc533fba6dd7eb1fd0096062cedae7e,e9a728076a8b002c10d2dc121e0a8428c31d1db1
src/main/java/org/apache/commons/collections4/CollectionUtils.java:1279,apache-commons-collections,157.449050926,52,45a0337e1d9d23126dcaeff9c0ad96c5b4011957,d684f950c4a29d10097590cbe4346ad6e82e5e25
lib/datetime/inspect.ex:19,bitwalker/timex,192.866967593,68,3d17f43244b3e59a9be4b72885e92cbee93e50cb,70ee35b58bb6c0b63b9a62e0412f7e56b38beafb
collections/src/main/java/com/gs/collections/impl/utility/ListIterate.java:881,goldmansachs-gs-collections,195.759386574,97,4f3f90acbbeb3ef7e08823b0de86e6d83dba226c,c8e9c8b659178697fe1c0ddfebedbcc58a34c2c5
collections/src/main/java/com/gs/collections/impl/utility/ListIterate.java:1025,goldmansachs-gs-collections,195.759386574,97,4f3f90acbbeb3ef7e08823b0de86e6d83dba226c,c8e9c8b659178697fe1c0ddfebedbcc58a34c2c5
collections/src/main/java/com/gs/collections/impl/map/sorted/mutable/MutableSortedMapFactoryImpl.java:81,goldmansachs-gs-collections,249.120891204,89,6197747337dd286470132bcaca663a9d78f8f2ca,1c28d9adf4c761d0bf5c63287196d0ac5b79bddf
collections/src/main/java/com/gs/collections/impl/map/sorted/mutable/MutableSortedMapFactoryImpl.java:115,goldmansachs-gs-collections,270.098576389,110,6197747337dd286470132bcaca663a9d78f8f2ca,bd8f92d8e7d249e3ae77c8c5957b910797015c3b
collections/src/main/java/com/gs/collections/impl/set/sorted/mutable/MutableSortedSetFactoryImpl.java:70,goldmansachs-gs-collections,270.098576389,110,6197747337dd286470132bcaca663a9d78f8f2ca,bd8f92d8e7d249e3ae77c8c5957b910797015c3b
collections/src/main/java/com/gs/collections/impl/map/sorted/immutable/ImmutableSortedMapFactoryImpl.java:96,goldmansachs-gs-collections,270.098576389,110,6197747337dd286470132bcaca663a9d78f8f2ca,bd8f92d8e7d249e3ae77c8c5957b910797015c3b
collections/src/main/java/com/gs/collections/impl/map/sorted/immutable/ImmutableSortedMapFactoryImpl.java:116,goldmansachs-gs-collections,270.098576389,110,6197747337dd286470132bcaca663a9d78f8f2ca,bd8f92d8e7d249e3ae77c8c5957b910797015c3b
collections/src/main/java/com/gs/collections/impl/map/sorted/mutable/MutableSortedMapFactoryImpl.java:95,goldmansachs-gs-collections,270.098576389,110,6197747337dd286470132bcaca663a9d78f8f2ca,bd8f92d8e7d249e3ae77c8c5957b910797015c3b
C/projects/valveresourceformat/ValveResourceFormat/ThirdParty/DDSImage.cs:113,SteamDatabase/ValveResourceFormat,649.690497685,102,c9730e241101f2e435460d42fbeddc945b06d979,f4082de9979ffd14d8dd4e8e6d081ae0efd3650e
